{
  "Total" : {
    "transaction" : "Total",
    "sampleCount" : 10000,
    "errorCount" : 3,
    "errorPct" : 0.03,
    "meanResTime" : 158.87120000000078,
    "medianResTime" : 156.0,
    "minResTime" : 3.0,
    "maxResTime" : 1280.0,
    "pct1ResTime" : 211.0,
    "pct2ResTime" : 235.0,
    "pct3ResTime" : 1096.0,
    "throughput" : 583.1923951711669,
    "receivedKBytesPerSec" : 113.34002485857586,
    "sentKBytesPerSec" : 322.92000787309735
  },
  "Telemetria küldés" : {
    "transaction" : "Telemetria küldés",
    "sampleCount" : 10000,
    "errorCount" : 3,
    "errorPct" : 0.03,
    "meanResTime" : 158.87120000000078,
    "medianResTime" : 156.0,
    "minResTime" : 3.0,
    "maxResTime" : 1280.0,
    "pct1ResTime" : 211.0,
    "pct2ResTime" : 235.0,
    "pct3ResTime" : 1096.0,
    "throughput" : 583.1923951711669,
    "receivedKBytesPerSec" : 113.34002485857586,
    "sentKBytesPerSec" : 322.92000787309735
  }
}