{
  "Total" : {
    "transaction" : "Total",
    "sampleCount" : 10000,
    "errorCount" : 0,
    "errorPct" : 0.0,
    "meanResTime" : 21.221799999999888,
    "medianResTime" : 20.0,
    "minResTime" : 2.0,
    "maxResTime" : 117.0,
    "pct1ResTime" : 33.0,
    "pct2ResTime" : 40.0,
    "pct3ResTime" : 61.0,
    "throughput" : 3459.010722933241,
    "receivedKBytesPerSec" : 672.2100916637842,
    "sentKBytesPerSec" : 1915.2920702179176
  },
  "Telemetria küldés" : {
    "transaction" : "Telemetria küldés",
    "sampleCount" : 10000,
    "errorCount" : 0,
    "errorPct" : 0.0,
    "meanResTime" : 21.221799999999888,
    "medianResTime" : 20.0,
    "minResTime" : 2.0,
    "maxResTime" : 117.0,
    "pct1ResTime" : 33.0,
    "pct2ResTime" : 40.0,
    "pct3ResTime" : 61.0,
    "throughput" : 3459.010722933241,
    "receivedKBytesPerSec" : 672.2100916637842,
    "sentKBytesPerSec" : 1915.2920702179176
  }
}